USR_ID,USR_PW,USR_NAME,USR_SNM,1ST_YR,1ST_USR_CPS,1ST_USR_LPS,1ST_USR_VPS,2ND_YR,2ND_USR_CPS,2ND_USR_LPS,2ND_USR_VPS,3RD_YR,3RD_USR_CPS,3RD_USR_LPS,3RD_USR_VPS,4TH_YR,4TH_USR_CPS,4TH_USR_LPS,4TH_USR_VPS,SCR_EST_1ST,SCR_EST_2ND,SCR_EST_3RD,SCR_EST_4TH
1111,1111,이순신,부산대학교,2021,200000,10,30,2022,100000,15,20,2023,100000,10,60,2024,300000,30,70,74.9694796153397,74.81787691459961,74.74293088751654,74.94846716961175
2222,2222,홍길동,경기대학교,2018,400000,20,50,2019,390000,23,60,2020,290000,30,72,2021,500000,40,90,70.48587098447048,69.5801586645842,69.12783379001316,68.5207270828879
3333,3333,강승민,동국대학교,2020,0,0,0,2021,0,1,0,2022,0,1,3,2023,0,2,5,69.91772848309007,69.88927781810119,67.79073017566091,72.0147475810011
