{
  "full_model": {
    "RMSE": 4.299602641065857,
    "MAE": 3.306413089481222,
    "R2": 0.8769728300784454
  },
  "cluster_test": {
    "RMSE": 4.533077316574111,
    "MAE": 3.2541379195416895,
    "R2": 0.860457164720758
  },
  "full_predict": {
    "RMSE": 3.6940261161317984,
    "MAE": 2.897083066350762,
    "R2": 0.9073338301261824
  }
}