{
  "full_model": {
    "RMSE": 4.696662124637406,
    "MAE": 3.3708830362436495,
    "R2": 0.8532010231845849
  },
  "cluster_test": {
    "RMSE": 3.093026531060098,
    "MAE": 1.63346502296022,
    "R2": 0.9350336331076179
  },
  "full_predict": {
    "RMSE": 3.8777931005457464,
    "MAE": 2.8194476560439488,
    "R2": 0.8978847612453892
  }
}