{
  "full_model": {
    "RMSE": 4.299602641065857,
    "MAE": 3.3064130894812207,
    "R2": 0.8769728300784454
  },
  "cluster_test": {
    "RMSE": 4.5330773165741105,
    "MAE": 3.254137919541688,
    "R2": 0.860457164720758
  },
  "full_predict": {
    "RMSE": 3.694026116131797,
    "MAE": 2.897083066350761,
    "R2": 0.9073338301261824
  }
}