{
  "full_model": {
    "RMSE": 4.308080489715707,
    "MAE": 3.1153173206358793,
    "R2": 0.8764871879855187
  },
  "cluster_test": {
    "RMSE": 3.913716287069388,
    "MAE": 2.696825505778177,
    "R2": 0.8959840430095027
  },
  "full_predict": {
    "RMSE": 3.546969201782086,
    "MAE": 2.5811363186583045,
    "R2": 0.9145649407511365
  }
}