{
  "full_model": {
    "RMSE": 4.640374886440056,
    "MAE": 3.365314185859706,
    "R2": 0.8566985689993998
  },
  "cluster_test": {
    "RMSE": 2.2884114858265248,
    "MAE": 1.114398766669605,
    "R2": 0.9644377256828659
  },
  "full_predict": {
    "RMSE": 3.889844684005106,
    "MAE": 2.8363202500485407,
    "R2": 0.8972490580883844
  }
}