{
  "full_model": {
    "RMSE": 3.0156624956247837,
    "MAE": 2.1184330793330424,
    "R2": 0.9394784751503223
  },
  "cluster_test": {
    "RMSE": 5.605353983718772,
    "MAE": 3.5230957949621295,
    "R2": 0.7866329377015059
  },
  "full_predict": {
    "RMSE": 2.1145410602386177,
    "MAE": 1.4608912817877844,
    "R2": 0.9696363808583611
  }
}